--
-- PostgreSQL database dump
--

-- Dumped from database version 15.3 (Debian 15.3-1.pgdg110+1)
-- Dumped by pg_dump version 15.3 (Debian 15.3-1.pgdg110+1)

SET statement_timeout = 0;
SET lock_timeout = 0;
SET idle_in_transaction_session_timeout = 0;
SET client_encoding = 'UTF8';
SET standard_conforming_strings = on;
SELECT pg_catalog.set_config('search_path', '', false);
SET check_function_bodies = false;
SET xmloption = content;
SET client_min_messages = warning;
SET row_security = off;

SET default_tablespace = '';

SET default_table_access_method = heap;

--
-- Name: auth_group; Type: TABLE; Schema: public; Owner: postgres-user
--

CREATE TABLE public.auth_group (
    id integer NOT NULL,
    name character varying(150) NOT NULL
);


ALTER TABLE public.auth_group OWNER TO "postgres-user";

--
-- Name: auth_group_id_seq; Type: SEQUENCE; Schema: public; Owner: postgres-user
--

ALTER TABLE public.auth_group ALTER COLUMN id ADD GENERATED BY DEFAULT AS IDENTITY (
    SEQUENCE NAME public.auth_group_id_seq
    START WITH 1
    INCREMENT BY 1
    NO MINVALUE
    NO MAXVALUE
    CACHE 1
);


--
-- Name: auth_group_permissions; Type: TABLE; Schema: public; Owner: postgres-user
--

CREATE TABLE public.auth_group_permissions (
    id bigint NOT NULL,
    group_id integer NOT NULL,
    permission_id integer NOT NULL
);


ALTER TABLE public.auth_group_permissions OWNER TO "postgres-user";

--
-- Name: auth_group_permissions_id_seq; Type: SEQUENCE; Schema: public; Owner: postgres-user
--

ALTER TABLE public.auth_group_permissions ALTER COLUMN id ADD GENERATED BY DEFAULT AS IDENTITY (
    SEQUENCE NAME public.auth_group_permissions_id_seq
    START WITH 1
    INCREMENT BY 1
    NO MINVALUE
    NO MAXVALUE
    CACHE 1
);


--
-- Name: auth_permission; Type: TABLE; Schema: public; Owner: postgres-user
--

CREATE TABLE public.auth_permission (
    id integer NOT NULL,
    name character varying(255) NOT NULL,
    content_type_id integer NOT NULL,
    codename character varying(100) NOT NULL
);


ALTER TABLE public.auth_permission OWNER TO "postgres-user";

--
-- Name: auth_permission_id_seq; Type: SEQUENCE; Schema: public; Owner: postgres-user
--

ALTER TABLE public.auth_permission ALTER COLUMN id ADD GENERATED BY DEFAULT AS IDENTITY (
    SEQUENCE NAME public.auth_permission_id_seq
    START WITH 1
    INCREMENT BY 1
    NO MINVALUE
    NO MAXVALUE
    CACHE 1
);


--
-- Name: common_attack; Type: TABLE; Schema: public; Owner: postgres-user
--

CREATE TABLE public.common_attack (
    id bigint NOT NULL,
    attacks integer NOT NULL,
    attacked_id bigint NOT NULL,
    attacker_id bigint NOT NULL,
    CONSTRAINT common_attack_attacks_check CHECK ((attacks >= 0))
);


ALTER TABLE public.common_attack OWNER TO "postgres-user";

--
-- Name: common_attack_id_seq; Type: SEQUENCE; Schema: public; Owner: postgres-user
--

ALTER TABLE public.common_attack ALTER COLUMN id ADD GENERATED BY DEFAULT AS IDENTITY (
    SEQUENCE NAME public.common_attack_id_seq
    START WITH 1
    INCREMENT BY 1
    NO MINVALUE
    NO MAXVALUE
    CACHE 1
);


--
-- Name: common_boots; Type: TABLE; Schema: public; Owner: postgres-user
--

CREATE TABLE public.common_boots (
    id bigint NOT NULL,
    name character varying(100) NOT NULL,
    speed_bonus integer NOT NULL,
    image character varying(100),
    required_level integer NOT NULL,
    price integer NOT NULL,
    sell_price integer NOT NULL,
    CONSTRAINT common_boots_price_check CHECK ((price >= 0)),
    CONSTRAINT common_boots_required_level_check CHECK ((required_level >= 0)),
    CONSTRAINT common_boots_sell_price_check CHECK ((sell_price >= 0)),
    CONSTRAINT common_boots_speed_bonus_check CHECK ((speed_bonus >= 0))
);


ALTER TABLE public.common_boots OWNER TO "postgres-user";

--
-- Name: common_boots_id_seq; Type: SEQUENCE; Schema: public; Owner: postgres-user
--

ALTER TABLE public.common_boots ALTER COLUMN id ADD GENERATED BY DEFAULT AS IDENTITY (
    SEQUENCE NAME public.common_boots_id_seq
    START WITH 1
    INCREMENT BY 1
    NO MINVALUE
    NO MAXVALUE
    CACHE 1
);


--
-- Name: common_defencepotion; Type: TABLE; Schema: public; Owner: postgres-user
--

CREATE TABLE public.common_defencepotion (
    id bigint NOT NULL,
    price integer,
    hours_active integer NOT NULL,
    image character varying(100) NOT NULL,
    percent_bonus integer NOT NULL,
    CONSTRAINT common_defencepotion_hours_active_check CHECK ((hours_active >= 0)),
    CONSTRAINT common_defencepotion_percent_bonus_check CHECK ((percent_bonus >= 0)),
    CONSTRAINT common_defencepotion_price_check CHECK ((price >= 0))
);


ALTER TABLE public.common_defencepotion OWNER TO "postgres-user";

--
-- Name: common_defencepotion_id_seq; Type: SEQUENCE; Schema: public; Owner: postgres-user
--

ALTER TABLE public.common_defencepotion ALTER COLUMN id ADD GENERATED BY DEFAULT AS IDENTITY (
    SEQUENCE NAME public.common_defencepotion_id_seq
    START WITH 1
    INCREMENT BY 1
    NO MINVALUE
    NO MAXVALUE
    CACHE 1
);


--
-- Name: common_healthpotion; Type: TABLE; Schema: public; Owner: postgres-user
--

CREATE TABLE public.common_healthpotion (
    id bigint NOT NULL,
    price integer,
    hours_active integer NOT NULL,
    image character varying(100) NOT NULL,
    percent_bonus integer NOT NULL,
    CONSTRAINT common_healthpotion_hours_active_check CHECK ((hours_active >= 0)),
    CONSTRAINT common_healthpotion_percent_bonus_check CHECK ((percent_bonus >= 0)),
    CONSTRAINT common_healthpotion_price_check CHECK ((price >= 0))
);


ALTER TABLE public.common_healthpotion OWNER TO "postgres-user";

--
-- Name: common_healthpotion_id_seq; Type: SEQUENCE; Schema: public; Owner: postgres-user
--

ALTER TABLE public.common_healthpotion ALTER COLUMN id ADD GENERATED BY DEFAULT AS IDENTITY (
    SEQUENCE NAME public.common_healthpotion_id_seq
    START WITH 1
    INCREMENT BY 1
    NO MINVALUE
    NO MAXVALUE
    CACHE 1
);


--
-- Name: common_powerpotion; Type: TABLE; Schema: public; Owner: postgres-user
--

CREATE TABLE public.common_powerpotion (
    id bigint NOT NULL,
    price integer,
    hours_active integer NOT NULL,
    image character varying(100) NOT NULL,
    percent_bonus integer NOT NULL,
    CONSTRAINT common_powerpotion_hours_active_check CHECK ((hours_active >= 0)),
    CONSTRAINT common_powerpotion_percent_bonus_check CHECK ((percent_bonus >= 0)),
    CONSTRAINT common_powerpotion_price_check CHECK ((price >= 0))
);


ALTER TABLE public.common_powerpotion OWNER TO "postgres-user";

--
-- Name: common_powerpotion_id_seq; Type: SEQUENCE; Schema: public; Owner: postgres-user
--

ALTER TABLE public.common_powerpotion ALTER COLUMN id ADD GENERATED BY DEFAULT AS IDENTITY (
    SEQUENCE NAME public.common_powerpotion_id_seq
    START WITH 1
    INCREMENT BY 1
    NO MINVALUE
    NO MAXVALUE
    CACHE 1
);


--
-- Name: common_shield; Type: TABLE; Schema: public; Owner: postgres-user
--

CREATE TABLE public.common_shield (
    id bigint NOT NULL,
    name character varying(100) NOT NULL,
    defence integer NOT NULL,
    image character varying(100),
    required_level integer NOT NULL,
    price integer NOT NULL,
    sell_price integer NOT NULL,
    CONSTRAINT common_shield_defence_e730d066_check CHECK ((defence >= 0)),
    CONSTRAINT common_shield_price_check CHECK ((price >= 0)),
    CONSTRAINT common_shield_required_level_check CHECK ((required_level >= 0)),
    CONSTRAINT common_shield_sell_price_check CHECK ((sell_price >= 0))
);


ALTER TABLE public.common_shield OWNER TO "postgres-user";

--
-- Name: common_shield_id_seq; Type: SEQUENCE; Schema: public; Owner: postgres-user
--

ALTER TABLE public.common_shield ALTER COLUMN id ADD GENERATED BY DEFAULT AS IDENTITY (
    SEQUENCE NAME public.common_shield_id_seq
    START WITH 1
    INCREMENT BY 1
    NO MINVALUE
    NO MAXVALUE
    CACHE 1
);


--
-- Name: common_speedpotion; Type: TABLE; Schema: public; Owner: postgres-user
--

CREATE TABLE public.common_speedpotion (
    id bigint NOT NULL,
    price integer,
    hours_active integer NOT NULL,
    image character varying(100) NOT NULL,
    percent_bonus integer NOT NULL,
    CONSTRAINT common_speedpotion_hours_active_check CHECK ((hours_active >= 0)),
    CONSTRAINT common_speedpotion_percent_bonus_check CHECK ((percent_bonus >= 0)),
    CONSTRAINT common_speedpotion_price_check CHECK ((price >= 0))
);


ALTER TABLE public.common_speedpotion OWNER TO "postgres-user";

--
-- Name: common_speedpotion_id_seq; Type: SEQUENCE; Schema: public; Owner: postgres-user
--

ALTER TABLE public.common_speedpotion ALTER COLUMN id ADD GENERATED BY DEFAULT AS IDENTITY (
    SEQUENCE NAME public.common_speedpotion_id_seq
    START WITH 1
    INCREMENT BY 1
    NO MINVALUE
    NO MAXVALUE
    CACHE 1
);


--
-- Name: common_sword; Type: TABLE; Schema: public; Owner: postgres-user
--

CREATE TABLE public.common_sword (
    id bigint NOT NULL,
    name character varying(100) NOT NULL,
    damage integer NOT NULL,
    image character varying(100),
    required_level integer NOT NULL,
    price integer NOT NULL,
    sell_price integer NOT NULL,
    CONSTRAINT common_sword_damage_check CHECK ((damage >= 0)),
    CONSTRAINT common_sword_price_check CHECK ((price >= 0)),
    CONSTRAINT common_sword_required_level_check CHECK ((required_level >= 0)),
    CONSTRAINT common_sword_sell_price_check CHECK ((sell_price >= 0))
);


ALTER TABLE public.common_sword OWNER TO "postgres-user";

--
-- Name: common_sword_id_seq; Type: SEQUENCE; Schema: public; Owner: postgres-user
--

ALTER TABLE public.common_sword ALTER COLUMN id ADD GENERATED BY DEFAULT AS IDENTITY (
    SEQUENCE NAME public.common_sword_id_seq
    START WITH 1
    INCREMENT BY 1
    NO MINVALUE
    NO MAXVALUE
    CACHE 1
);


--
-- Name: common_userhiding; Type: TABLE; Schema: public; Owner: postgres-user
--

CREATE TABLE public.common_userhiding (
    id bigint NOT NULL,
    hidden_at timestamp with time zone NOT NULL,
    can_stop_hiding_at timestamp with time zone,
    user_id bigint NOT NULL
);


ALTER TABLE public.common_userhiding OWNER TO "postgres-user";

--
-- Name: common_userhiding_id_seq; Type: SEQUENCE; Schema: public; Owner: postgres-user
--

ALTER TABLE public.common_userhiding ALTER COLUMN id ADD GENERATED BY DEFAULT AS IDENTITY (
    SEQUENCE NAME public.common_userhiding_id_seq
    START WITH 1
    INCREMENT BY 1
    NO MINVALUE
    NO MAXVALUE
    CACHE 1
);


--
-- Name: common_work; Type: TABLE; Schema: public; Owner: postgres-user
--

CREATE TABLE public.common_work (
    id bigint NOT NULL,
    start_time timestamp with time zone NOT NULL,
    hours_worked integer NOT NULL,
    hourly_wage integer NOT NULL,
    user_id bigint NOT NULL,
    end_time timestamp with time zone,
    CONSTRAINT common_work_hourly_wage_check CHECK ((hourly_wage >= 0)),
    CONSTRAINT common_work_hours_worked_check CHECK ((hours_worked >= 0))
);


ALTER TABLE public.common_work OWNER TO "postgres-user";

--
-- Name: common_work_id_seq; Type: SEQUENCE; Schema: public; Owner: postgres-user
--

ALTER TABLE public.common_work ALTER COLUMN id ADD GENERATED BY DEFAULT AS IDENTITY (
    SEQUENCE NAME public.common_work_id_seq
    START WITH 1
    INCREMENT BY 1
    NO MINVALUE
    NO MAXVALUE
    CACHE 1
);


--
-- Name: django_admin_log; Type: TABLE; Schema: public; Owner: postgres-user
--

CREATE TABLE public.django_admin_log (
    id integer NOT NULL,
    action_time timestamp with time zone NOT NULL,
    object_id text,
    object_repr character varying(200) NOT NULL,
    action_flag smallint NOT NULL,
    change_message text NOT NULL,
    content_type_id integer,
    user_id bigint NOT NULL,
    CONSTRAINT django_admin_log_action_flag_check CHECK ((action_flag >= 0))
);


ALTER TABLE public.django_admin_log OWNER TO "postgres-user";

--
-- Name: django_admin_log_id_seq; Type: SEQUENCE; Schema: public; Owner: postgres-user
--

ALTER TABLE public.django_admin_log ALTER COLUMN id ADD GENERATED BY DEFAULT AS IDENTITY (
    SEQUENCE NAME public.django_admin_log_id_seq
    START WITH 1
    INCREMENT BY 1
    NO MINVALUE
    NO MAXVALUE
    CACHE 1
);


--
-- Name: django_content_type; Type: TABLE; Schema: public; Owner: postgres-user
--

CREATE TABLE public.django_content_type (
    id integer NOT NULL,
    app_label character varying(100) NOT NULL,
    model character varying(100) NOT NULL
);


ALTER TABLE public.django_content_type OWNER TO "postgres-user";

--
-- Name: django_content_type_id_seq; Type: SEQUENCE; Schema: public; Owner: postgres-user
--

ALTER TABLE public.django_content_type ALTER COLUMN id ADD GENERATED BY DEFAULT AS IDENTITY (
    SEQUENCE NAME public.django_content_type_id_seq
    START WITH 1
    INCREMENT BY 1
    NO MINVALUE
    NO MAXVALUE
    CACHE 1
);


--
-- Name: django_migrations; Type: TABLE; Schema: public; Owner: postgres-user
--

CREATE TABLE public.django_migrations (
    id bigint NOT NULL,
    app character varying(255) NOT NULL,
    name character varying(255) NOT NULL,
    applied timestamp with time zone NOT NULL
);


ALTER TABLE public.django_migrations OWNER TO "postgres-user";

--
-- Name: django_migrations_id_seq; Type: SEQUENCE; Schema: public; Owner: postgres-user
--

ALTER TABLE public.django_migrations ALTER COLUMN id ADD GENERATED BY DEFAULT AS IDENTITY (
    SEQUENCE NAME public.django_migrations_id_seq
    START WITH 1
    INCREMENT BY 1
    NO MINVALUE
    NO MAXVALUE
    CACHE 1
);


--
-- Name: django_session; Type: TABLE; Schema: public; Owner: postgres-user
--

CREATE TABLE public.django_session (
    session_key character varying(40) NOT NULL,
    session_data text NOT NULL,
    expire_date timestamp with time zone NOT NULL
);


ALTER TABLE public.django_session OWNER TO "postgres-user";

--
-- Name: profiles_customuser; Type: TABLE; Schema: public; Owner: postgres-user
--

CREATE TABLE public.profiles_customuser (
    id bigint NOT NULL,
    password character varying(128) NOT NULL,
    last_login timestamp with time zone,
    username character varying(150) NOT NULL,
    email character varying(254) NOT NULL,
    hero_type character varying NOT NULL,
    is_active boolean NOT NULL,
    is_staff boolean NOT NULL,
    is_superuser boolean NOT NULL
);


ALTER TABLE public.profiles_customuser OWNER TO "postgres-user";

--
-- Name: profiles_customuser_groups; Type: TABLE; Schema: public; Owner: postgres-user
--

CREATE TABLE public.profiles_customuser_groups (
    id bigint NOT NULL,
    customuser_id bigint NOT NULL,
    group_id integer NOT NULL
);


ALTER TABLE public.profiles_customuser_groups OWNER TO "postgres-user";

--
-- Name: profiles_customuser_groups_id_seq; Type: SEQUENCE; Schema: public; Owner: postgres-user
--

ALTER TABLE public.profiles_customuser_groups ALTER COLUMN id ADD GENERATED BY DEFAULT AS IDENTITY (
    SEQUENCE NAME public.profiles_customuser_groups_id_seq
    START WITH 1
    INCREMENT BY 1
    NO MINVALUE
    NO MAXVALUE
    CACHE 1
);


--
-- Name: profiles_customuser_id_seq; Type: SEQUENCE; Schema: public; Owner: postgres-user
--

ALTER TABLE public.profiles_customuser ALTER COLUMN id ADD GENERATED BY DEFAULT AS IDENTITY (
    SEQUENCE NAME public.profiles_customuser_id_seq
    START WITH 1
    INCREMENT BY 1
    NO MINVALUE
    NO MAXVALUE
    CACHE 1
);


--
-- Name: profiles_customuser_user_permissions; Type: TABLE; Schema: public; Owner: postgres-user
--

CREATE TABLE public.profiles_customuser_user_permissions (
    id bigint NOT NULL,
    customuser_id bigint NOT NULL,
    permission_id integer NOT NULL
);


ALTER TABLE public.profiles_customuser_user_permissions OWNER TO "postgres-user";

--
-- Name: profiles_customuser_user_permissions_id_seq; Type: SEQUENCE; Schema: public; Owner: postgres-user
--

ALTER TABLE public.profiles_customuser_user_permissions ALTER COLUMN id ADD GENERATED BY DEFAULT AS IDENTITY (
    SEQUENCE NAME public.profiles_customuser_user_permissions_id_seq
    START WITH 1
    INCREMENT BY 1
    NO MINVALUE
    NO MAXVALUE
    CACHE 1
);


--
-- Name: profiles_userprofile; Type: TABLE; Schema: public; Owner: postgres-user
--

CREATE TABLE public.profiles_userprofile (
    id bigint NOT NULL,
    health double precision NOT NULL,
    xp integer NOT NULL,
    level integer NOT NULL,
    gold integer NOT NULL,
    user_id bigint NOT NULL,
    gender character varying(10),
    defence integer NOT NULL,
    power integer NOT NULL,
    speed integer NOT NULL,
    losses integer NOT NULL,
    wins integer NOT NULL,
    boots_id bigint,
    shield_id bigint,
    sword_id bigint,
    hourly_wage integer NOT NULL,
    is_working boolean NOT NULL,
    total_defence integer NOT NULL,
    total_power integer NOT NULL,
    total_speed integer NOT NULL,
    max_health_for_level integer NOT NULL,
    max_xp_for_level integer NOT NULL,
    is_healing boolean NOT NULL,
    defence_potion_id bigint,
    health_potion_id bigint,
    power_potion_id bigint,
    speed_potion_id bigint,
    is_hiding boolean NOT NULL,
    defence_bonus integer NOT NULL,
    power_bonus integer NOT NULL,
    speed_bonus integer NOT NULL,
    CONSTRAINT profiles_userprofile_defence_342a722c_check CHECK ((defence >= 0)),
    CONSTRAINT profiles_userprofile_defence_bonus_check CHECK ((defence_bonus >= 0)),
    CONSTRAINT profiles_userprofile_hourly_wage_check CHECK ((hourly_wage >= 0)),
    CONSTRAINT profiles_userprofile_losses_check CHECK ((losses >= 0)),
    CONSTRAINT profiles_userprofile_power_bonus_check CHECK ((power_bonus >= 0)),
    CONSTRAINT profiles_userprofile_power_check CHECK ((power >= 0)),
    CONSTRAINT profiles_userprofile_speed_bonus_check CHECK ((speed_bonus >= 0)),
    CONSTRAINT profiles_userprofile_speed_check CHECK ((speed >= 0)),
    CONSTRAINT profiles_userprofile_total_defence_check CHECK ((total_defence >= 0)),
    CONSTRAINT profiles_userprofile_total_power_check CHECK ((total_power >= 0)),
    CONSTRAINT profiles_userprofile_total_speed_check CHECK ((total_speed >= 0)),
    CONSTRAINT profiles_userprofile_wins_check CHECK ((wins >= 0))
);


ALTER TABLE public.profiles_userprofile OWNER TO "postgres-user";

--
-- Name: profiles_userprofile_id_seq; Type: SEQUENCE; Schema: public; Owner: postgres-user
--

ALTER TABLE public.profiles_userprofile ALTER COLUMN id ADD GENERATED BY DEFAULT AS IDENTITY (
    SEQUENCE NAME public.profiles_userprofile_id_seq
    START WITH 1
    INCREMENT BY 1
    NO MINVALUE
    NO MAXVALUE
    CACHE 1
);


--
-- Name: user_messages_custommessage; Type: TABLE; Schema: public; Owner: postgres-user
--

CREATE TABLE public.user_messages_custommessage (
    id bigint NOT NULL,
    content text NOT NULL,
    "timestamp" timestamp with time zone NOT NULL,
    read boolean NOT NULL,
    recipient_id bigint NOT NULL,
    sender_id bigint NOT NULL
);


ALTER TABLE public.user_messages_custommessage OWNER TO "postgres-user";

--
-- Name: user_messages_custommessage_id_seq; Type: SEQUENCE; Schema: public; Owner: postgres-user
--

ALTER TABLE public.user_messages_custommessage ALTER COLUMN id ADD GENERATED BY DEFAULT AS IDENTITY (
    SEQUENCE NAME public.user_messages_custommessage_id_seq
    START WITH 1
    INCREMENT BY 1
    NO MINVALUE
    NO MAXVALUE
    CACHE 1
);


--
-- Data for Name: auth_group; Type: TABLE DATA; Schema: public; Owner: postgres-user
--

COPY public.auth_group (id, name) FROM stdin;
\.


--
-- Data for Name: auth_group_permissions; Type: TABLE DATA; Schema: public; Owner: postgres-user
--

COPY public.auth_group_permissions (id, group_id, permission_id) FROM stdin;
\.


--
-- Data for Name: auth_permission; Type: TABLE DATA; Schema: public; Owner: postgres-user
--

COPY public.auth_permission (id, name, content_type_id, codename) FROM stdin;
1	Can add log entry	1	add_logentry
2	Can change log entry	1	change_logentry
3	Can delete log entry	1	delete_logentry
4	Can view log entry	1	view_logentry
5	Can add permission	2	add_permission
6	Can change permission	2	change_permission
7	Can delete permission	2	delete_permission
8	Can view permission	2	view_permission
9	Can add group	3	add_group
10	Can change group	3	change_group
11	Can delete group	3	delete_group
12	Can view group	3	view_group
13	Can add content type	4	add_contenttype
14	Can change content type	4	change_contenttype
15	Can delete content type	4	delete_contenttype
16	Can view content type	4	view_contenttype
17	Can add session	5	add_session
18	Can change session	5	change_session
19	Can delete session	5	delete_session
20	Can view session	5	view_session
21	Can add Users	6	add_customuser
22	Can change Users	6	change_customuser
23	Can delete Users	6	delete_customuser
24	Can view Users	6	view_customuser
25	Can add user profile	7	add_userprofile
26	Can change user profile	7	change_userprofile
27	Can delete user profile	7	delete_userprofile
28	Can view user profile	7	view_userprofile
29	Can add Boots	8	add_boots
30	Can change Boots	8	change_boots
31	Can delete Boots	8	delete_boots
32	Can view Boots	8	view_boots
33	Can add shield	9	add_shield
34	Can change shield	9	change_shield
35	Can delete shield	9	delete_shield
36	Can view shield	9	view_shield
37	Can add sword	10	add_sword
38	Can change sword	10	change_sword
39	Can delete sword	10	delete_sword
40	Can view sword	10	view_sword
41	Can add work	11	add_work
42	Can change work	11	change_work
43	Can delete work	11	delete_work
44	Can view work	11	view_work
45	Can add user hiding	12	add_userhiding
46	Can change user hiding	12	change_userhiding
47	Can delete user hiding	12	delete_userhiding
48	Can view user hiding	12	view_userhiding
49	Can add power potion	13	add_powerpotion
50	Can change power potion	13	change_powerpotion
51	Can delete power potion	13	delete_powerpotion
52	Can view power potion	13	view_powerpotion
53	Can add defence potion	14	add_defencepotion
54	Can change defence potion	14	change_defencepotion
55	Can delete defence potion	14	delete_defencepotion
56	Can view defence potion	14	view_defencepotion
57	Can add health potion	15	add_healthpotion
58	Can change health potion	15	change_healthpotion
59	Can delete health potion	15	delete_healthpotion
60	Can view health potion	15	view_healthpotion
61	Can add speed potion	16	add_speedpotion
62	Can change speed potion	16	change_speedpotion
63	Can delete speed potion	16	delete_speedpotion
64	Can view speed potion	16	view_speedpotion
65	Can add custom message	17	add_custommessage
66	Can change custom message	17	change_custommessage
67	Can delete custom message	17	delete_custommessage
68	Can view custom message	17	view_custommessage
69	Can add attack	18	add_attack
70	Can change attack	18	change_attack
71	Can delete attack	18	delete_attack
72	Can view attack	18	view_attack
\.


--
-- Data for Name: common_attack; Type: TABLE DATA; Schema: public; Owner: postgres-user
--

COPY public.common_attack (id, attacks, attacked_id, attacker_id) FROM stdin;
2	0	7	9
1	4	9	7
\.


--
-- Data for Name: common_boots; Type: TABLE DATA; Schema: public; Owner: postgres-user
--

COPY public.common_boots (id, name, speed_bonus, image, required_level, price, sell_price) FROM stdin;
1	Boots I	20	boots_level_1.jpg	1	160	96
2	Boots II	55	boots_level_7.jpg	7	1120	672
3	Boots III	120	boots_level_15.jpg	15	2400	1440
4	Boots IV	250	boots_level_25.jpg	25	4000	2400
\.


--
-- Data for Name: common_defencepotion; Type: TABLE DATA; Schema: public; Owner: postgres-user
--

COPY public.common_defencepotion (id, price, hours_active, image, percent_bonus) FROM stdin;
1	20	1	defence-potion.png	10
2	100	5	defence-potion_QC8ZZU3.png	10
3	240	12	defence-potion_ckmMbNC.png	10
4	480	24	defence-potion_AKqJPax.png	10
5	50	1	defence-potion_PcUNc6r.png	25
6	250	5	defence-potion_qBFVBxT.png	25
7	600	12	defence-potion_8pqw4hF.png	25
8	1200	24	defence-potion_8nrUuZN.png	25
9	100	1	defence-potion_xNjo1l1.png	50
10	500	5	defence-potion_dn64jS8.png	50
11	1200	12	defence-potion_MWaYS0W.png	50
12	2400	24	defence-potion_HWsowKv.png	50
\.


--
-- Data for Name: common_healthpotion; Type: TABLE DATA; Schema: public; Owner: postgres-user
--

COPY public.common_healthpotion (id, price, hours_active, image, percent_bonus) FROM stdin;
1	20	1	health-potion.png	10
3	100	1	health-potion_8S4DTxT.png	50
2	50	1	health-potion_ie6gDzD.png	25
4	150	1	health-potion_CaID8G8.png	75
5	200	1	health-potion_ttTO1ZC.png	100
\.


--
-- Data for Name: common_powerpotion; Type: TABLE DATA; Schema: public; Owner: postgres-user
--

COPY public.common_powerpotion (id, price, hours_active, image, percent_bonus) FROM stdin;
1	20	1	power-potion.png	10
2	100	5	power-potion_MNubU3y.png	10
3	240	12	power-potion_kTeeLdf.png	10
4	480	24	power-potion_6d3tioE.png	10
5	50	1	power-potion_2GwqeHw.png	25
6	250	5	power-potion_UijoytY.png	25
7	600	12	power-potion_gA3pxVU.png	25
8	1200	24	power-potion_A1Kchea.png	25
9	100	1	power-potion_f3QDMH7.png	50
10	500	5	power-potion_9kDlDnj.png	50
11	1200	12	power-potion_hC5I2Ir.png	50
12	2400	24	power-potion_fYnwyWc.png	50
\.


--
-- Data for Name: common_shield; Type: TABLE DATA; Schema: public; Owner: postgres-user
--

COPY public.common_shield (id, name, defence, image, required_level, price, sell_price) FROM stdin;
1	Shield I	20	shield_level_1.png	1	160	96
2	Shield II	55	shield_level_7.png	7	1120	672
3	Shield III	120	shield_level_15.png	15	2400	1440
4	Shield IV	250	shield_level_25.png	25	4000	2400
\.


--
-- Data for Name: common_speedpotion; Type: TABLE DATA; Schema: public; Owner: postgres-user
--

COPY public.common_speedpotion (id, price, hours_active, image, percent_bonus) FROM stdin;
1	20	1	speed-potion.png	10
2	100	5	speed-potion_05OWUsj.png	10
3	240	12	speed-potion_Cqizozv.png	10
4	480	24	speed-potion_dILZyDV.png	10
5	50	1	speed-potion_fRJiRNP.png	25
6	250	5	speed-potion_2nISSpl.png	25
7	600	12	speed-potion_agD4ZCq.png	25
8	1200	24	speed-potion_MPGqOBI.png	25
9	100	1	speed-potion_nc4r8l5.png	50
10	500	5	speed-potion_1VrSCF3.png	50
11	1200	12	speed-potion_EQoL13e.png	50
12	2400	24	speed-potion_sgNEFoS.png	50
\.


--
-- Data for Name: common_sword; Type: TABLE DATA; Schema: public; Owner: postgres-user
--

COPY public.common_sword (id, name, damage, image, required_level, price, sell_price) FROM stdin;
1	Sword I	20	sword_level_1.png	1	160	96
3	Sword III	120	sword_level_15.png	15	2400	1440
2	Sword II	55	sword_level_7.png	7	1120	672
4	Sword IV	250	sword_level_25.png	25	4000	2400
\.


--
-- Data for Name: common_userhiding; Type: TABLE DATA; Schema: public; Owner: postgres-user
--

COPY public.common_userhiding (id, hidden_at, can_stop_hiding_at, user_id) FROM stdin;
\.


--
-- Data for Name: common_work; Type: TABLE DATA; Schema: public; Owner: postgres-user
--

COPY public.common_work (id, start_time, hours_worked, hourly_wage, user_id, end_time) FROM stdin;
\.


--
-- Data for Name: django_admin_log; Type: TABLE DATA; Schema: public; Owner: postgres-user
--

COPY public.django_admin_log (id, action_time, object_id, object_repr, action_flag, change_message, content_type_id, user_id) FROM stdin;
1	2023-08-08 11:56:50.9261+00	1	Boots I	1	[{"added": {}}]	8	7
2	2023-08-08 11:57:55.654388+00	2	Boots II	1	[{"added": {}}]	8	7
3	2023-08-08 11:59:40.328326+00	3	Boots III	1	[{"added": {}}]	8	7
4	2023-08-08 12:01:23.052332+00	4	Boots IV	1	[{"added": {}}]	8	7
5	2023-08-08 12:07:02.247426+00	2	Boots II	2	[{"changed": {"fields": ["Image"]}}]	8	7
6	2023-08-08 12:09:25.910608+00	1	Boots I	2	[{"changed": {"fields": ["Image"]}}]	8	7
7	2023-08-08 12:11:05.156798+00	4	Boots IV	2	[{"changed": {"fields": ["Image"]}}]	8	7
8	2023-08-08 13:35:41.955985+00	1	Boots I	2	[{"changed": {"fields": ["Price"]}}]	8	7
9	2023-08-08 13:35:57.661497+00	2	Boots II	2	[{"changed": {"fields": ["Price"]}}]	8	7
10	2023-08-08 13:36:15.411683+00	3	Boots III	2	[{"changed": {"fields": ["Price"]}}]	8	7
11	2023-08-08 13:36:33.530255+00	4	Boots IV	2	[{"changed": {"fields": ["Price"]}}]	8	7
12	2023-08-08 13:36:44.493757+00	1	Boots I	2	[{"changed": {"fields": ["Price"]}}]	8	7
13	2023-08-08 13:36:51.952788+00	2	Boots II	2	[{"changed": {"fields": ["Price"]}}]	8	7
14	2023-08-08 13:36:58.749491+00	3	Boots III	2	[{"changed": {"fields": ["Price"]}}]	8	7
15	2023-08-08 13:37:06.010238+00	4	Boots IV	2	[{"changed": {"fields": ["Price"]}}]	8	7
16	2023-08-09 06:57:02.798418+00	1	Sword I	1	[{"added": {}}]	10	7
17	2023-08-09 06:57:45.26113+00	2	Sword II	1	[{"added": {}}]	10	7
18	2023-08-09 06:58:34.019157+00	3	Sword III	1	[{"added": {}}]	10	7
19	2023-08-09 06:58:43.780523+00	2	Sword II	2	[{"changed": {"fields": ["Damage"]}}]	10	7
20	2023-08-09 06:59:35.838763+00	4	Sword IV	1	[{"added": {}}]	10	7
21	2023-08-09 07:10:28.468158+00	1	Shield I	1	[{"added": {}}]	9	7
22	2023-08-09 07:11:10.138293+00	2	Shield II	1	[{"added": {}}]	9	7
23	2023-08-09 07:11:54.462107+00	3	Shield III	1	[{"added": {}}]	9	7
24	2023-08-09 07:12:40.410328+00	4	Shield IV	1	[{"added": {}}]	9	7
25	2023-08-09 18:02:12.831288+00	8	test_user	2	[{"changed": {"fields": ["Password"]}}]	6	7
26	2023-08-09 18:02:57.251402+00	8	test_user	2	[]	6	7
27	2023-08-09 18:03:09.989943+00	8	test_user	2	[{"changed": {"fields": ["Password"]}}]	6	7
28	2023-08-09 18:05:25.281333+00	8	test_user	2	[{"changed": {"fields": ["Password"]}}]	6	7
29	2023-08-09 18:13:32.777356+00	8	test_user1	2	[{"changed": {"fields": ["Password", "Username"]}}]	6	7
30	2023-08-09 18:13:50.086508+00	8	test_user	2	[{"changed": {"fields": ["Password", "Username"]}}]	6	7
31	2023-08-09 19:03:10.082535+00	8	test_user	3		6	7
32	2023-08-10 09:02:06.072488+00	1	Defence	1	[{"added": {}}]	14	7
33	2023-08-10 09:02:39.824805+00	2	Defence	1	[{"added": {}}]	14	7
34	2023-08-10 09:03:05.382652+00	3	Defence	1	[{"added": {}}]	14	7
35	2023-08-10 09:03:33.371712+00	4	Defence	1	[{"added": {}}]	14	7
36	2023-08-10 09:03:59.962783+00	1	Health	1	[{"added": {}}]	15	7
37	2023-08-10 09:04:24.616792+00	2	Health	1	[{"added": {}}]	15	7
38	2023-08-10 09:04:55.189701+00	2	Health	2	[{"changed": {"fields": ["Percent bonus"]}}]	15	7
39	2023-08-10 09:05:22.44649+00	3	Health	1	[{"added": {}}]	15	7
40	2023-08-10 09:05:28.358084+00	2	Health	2	[{"changed": {"fields": ["Hours active"]}}]	15	7
41	2023-08-10 09:05:51.811354+00	4	Health	1	[{"added": {}}]	15	7
42	2023-08-10 09:06:12.346474+00	5	Health	1	[{"added": {}}]	15	7
43	2023-08-10 09:13:28.421486+00	1	Power	1	[{"added": {}}]	13	7
44	2023-08-10 09:13:58.897556+00	2	Power	1	[{"added": {}}]	13	7
45	2023-08-10 09:14:17.470469+00	3	Power	1	[{"added": {}}]	13	7
46	2023-08-10 09:14:47.531391+00	4	Power	1	[{"added": {}}]	13	7
47	2023-08-10 09:15:09.605839+00	1	Speed	1	[{"added": {}}]	16	7
48	2023-08-10 09:15:30.103571+00	2	Speed	1	[{"added": {}}]	16	7
49	2023-08-10 09:15:50.731305+00	3	Speed	1	[{"added": {}}]	16	7
50	2023-08-10 09:16:13.458356+00	4	Speed	1	[{"added": {}}]	16	7
51	2023-08-15 12:47:49.165165+00	5	Defence	1	[{"added": {}}]	14	7
52	2023-08-15 12:48:49.628921+00	6	Defence	1	[{"added": {}}]	14	7
53	2023-08-15 12:49:12.58086+00	7	Defence	1	[{"added": {}}]	14	7
54	2023-08-15 12:49:33.373337+00	8	Defence	1	[{"added": {}}]	14	7
55	2023-08-15 12:50:05.741313+00	9	Defence	1	[{"added": {}}]	14	7
56	2023-08-15 12:50:40.874584+00	10	Defence	1	[{"added": {}}]	14	7
57	2023-08-15 12:51:05.424706+00	11	Defence	1	[{"added": {}}]	14	7
58	2023-08-15 12:51:46.066052+00	12	Defence	1	[{"added": {}}]	14	7
59	2023-08-15 12:59:22.228547+00	5	Power	1	[{"added": {}}]	13	7
60	2023-08-15 12:59:41.187774+00	6	Power	1	[{"added": {}}]	13	7
61	2023-08-15 12:59:58.856304+00	7	Power	1	[{"added": {}}]	13	7
62	2023-08-15 13:00:16.943547+00	8	Power	1	[{"added": {}}]	13	7
63	2023-08-15 13:00:54.036319+00	9	Power	1	[{"added": {}}]	13	7
64	2023-08-15 13:01:11.504087+00	10	Power	1	[{"added": {}}]	13	7
65	2023-08-15 13:01:43.662286+00	11	Power	1	[{"added": {}}]	13	7
66	2023-08-15 13:01:59.536144+00	12	Power	1	[{"added": {}}]	13	7
67	2023-08-15 13:14:25.748404+00	5	Speed	1	[{"added": {}}]	16	7
68	2023-08-15 13:14:58.573626+00	6	Speed	1	[{"added": {}}]	16	7
69	2023-08-15 13:15:14.99873+00	7	Speed	1	[{"added": {}}]	16	7
70	2023-08-15 13:15:31.51171+00	8	Speed	1	[{"added": {}}]	16	7
71	2023-08-15 13:16:00.654605+00	9	Speed	1	[{"added": {}}]	16	7
72	2023-08-15 13:16:14.998893+00	10	Speed	1	[{"added": {}}]	16	7
73	2023-08-15 13:16:30.23095+00	11	Speed	1	[{"added": {}}]	16	7
74	2023-08-15 13:16:44.306923+00	12	Speed	1	[{"added": {}}]	16	7
\.


--
-- Data for Name: django_content_type; Type: TABLE DATA; Schema: public; Owner: postgres-user
--

COPY public.django_content_type (id, app_label, model) FROM stdin;
1	admin	logentry
2	auth	permission
3	auth	group
4	contenttypes	contenttype
5	sessions	session
6	profiles	customuser
7	profiles	userprofile
8	common	boots
9	common	shield
10	common	sword
11	common	work
12	common	userhiding
13	common	powerpotion
14	common	defencepotion
15	common	healthpotion
16	common	speedpotion
17	user_messages	custommessage
18	common	attack
\.


--
-- Data for Name: django_migrations; Type: TABLE DATA; Schema: public; Owner: postgres-user
--

COPY public.django_migrations (id, app, name, applied) FROM stdin;
1	contenttypes	0001_initial	2023-08-08 08:44:15.081278+00
2	contenttypes	0002_remove_content_type_name	2023-08-08 08:44:15.097598+00
3	auth	0001_initial	2023-08-08 08:44:15.205455+00
4	auth	0002_alter_permission_name_max_length	2023-08-08 08:44:15.218276+00
5	auth	0003_alter_user_email_max_length	2023-08-08 08:44:15.2376+00
6	auth	0004_alter_user_username_opts	2023-08-08 08:44:15.253016+00
7	auth	0005_alter_user_last_login_null	2023-08-08 08:44:15.267692+00
8	auth	0006_require_contenttypes_0002	2023-08-08 08:44:15.27709+00
9	auth	0007_alter_validators_add_error_messages	2023-08-08 08:44:15.292687+00
10	auth	0008_alter_user_username_max_length	2023-08-08 08:44:15.307256+00
11	auth	0009_alter_user_last_name_max_length	2023-08-08 08:44:15.329167+00
12	auth	0010_alter_group_name_max_length	2023-08-08 08:44:15.351692+00
13	auth	0011_update_proxy_permissions	2023-08-08 08:44:15.366776+00
14	auth	0012_alter_user_first_name_max_length	2023-08-08 08:44:15.381268+00
15	profiles	0001_initial	2023-08-08 08:44:15.540855+00
16	admin	0001_initial	2023-08-08 08:44:15.586188+00
17	admin	0002_logentry_remove_auto_add	2023-08-08 08:44:15.602472+00
18	admin	0003_logentry_add_action_flag_choices	2023-08-08 08:44:15.621243+00
19	profiles	0002_userprofile_gender	2023-08-08 08:44:15.649499+00
20	profiles	0003_alter_userprofile_name	2023-08-08 08:44:15.67094+00
21	profiles	0004_remove_userprofile_name	2023-08-08 08:44:15.698551+00
22	profiles	0005_userprofile_defence_userprofile_power_and_more	2023-08-08 08:44:15.744799+00
23	profiles	0006_rename_defence_userprofile_defense	2023-08-08 08:44:15.774875+00
24	profiles	0007_rename_defense_userprofile_defence	2023-08-08 08:44:15.801957+00
25	profiles	0008_rename_hp_userprofile_health_and_more	2023-08-08 08:44:15.831045+00
26	profiles	0009_userprofile_last_health_update	2023-08-08 08:44:15.857271+00
27	profiles	0010_remove_userprofile_last_health_update	2023-08-08 08:44:15.879304+00
28	profiles	0011_userprofile_last_healed_at_userprofile_losses_and_more	2023-08-08 08:44:15.92888+00
29	profiles	0012_remove_userprofile_last_healed_at	2023-08-08 08:44:15.945515+00
30	common	0001_initial	2023-08-08 08:44:15.982983+00
31	profiles	0013_userprofile_boots_userprofile_shield_and_more	2023-08-08 08:44:16.074784+00
32	profiles	0014_userprofile_hourly_wage	2023-08-08 08:44:16.097548+00
33	profiles	0015_remove_userprofile_hourly_wage	2023-08-08 08:44:16.123399+00
34	profiles	0016_userprofile_hourly_wage	2023-08-08 08:44:16.143935+00
35	profiles	0017_userprofile_is_working	2023-08-08 08:44:16.165224+00
36	profiles	0018_userprofile_total_defence_userprofile_total_power_and_more	2023-08-08 08:44:16.224223+00
37	profiles	0019_alter_userprofile_gender	2023-08-08 08:44:16.242856+00
38	profiles	0020_alter_customuser_options_and_more	2023-08-08 08:44:16.291415+00
39	profiles	0021_userprofile_is_healing	2023-08-08 08:44:16.313228+00
40	common	0002_boots_image_boots_required_level_shield_image_and_more	2023-08-08 08:44:16.377434+00
41	common	0003_boots_price_shield_price_sword_price	2023-08-08 08:44:16.414813+00
42	common	0004_work	2023-08-08 08:44:16.45689+00
43	common	005_work_end_time	2023-08-08 08:44:16.477684+00
44	common	0006_boots_sell_price_shield_sell_price_sword_sell_price	2023-08-08 08:44:16.539242+00
45	common	0007_rename_defense_shield_defence	2023-08-08 08:44:16.563298+00
46	common	0008_alter_boots_options_userhiding	2023-08-08 08:44:16.605977+00
47	common	0009_delete_userhiding	2023-08-08 08:44:16.616144+00
48	common	0010_userhiding_potion_defencepotion_powerpotion_and_more	2023-08-08 08:44:16.693767+00
49	common	0011_remove_potion_user	2023-08-08 08:44:16.72933+00
50	common	0012_delete_powerpotion_powerpotion	2023-08-08 08:44:16.758683+00
51	common	0013_remove_powerpotion_potion_ptr_delete_defencepotion_and_more	2023-08-08 08:44:16.787868+00
52	common	0014_powerpotion	2023-08-08 08:44:16.804074+00
53	common	0015_defencepotion_healthpotion_speedpotion	2023-08-08 08:44:16.838156+00
54	profiles	0022_userprofile_defence_potion_userprofile_health_potion_and_more	2023-08-08 08:44:16.971984+00
55	profiles	0023_remove_userprofile_defence_potion_and_more	2023-08-08 08:44:17.341597+00
56	profiles	0024_alter_userprofile_defence_potion_and_more	2023-08-08 08:44:17.447432+00
57	profiles	0025_remove_userprofile_defence_potion_and_more	2023-08-08 08:44:17.692244+00
58	sessions	0001_initial	2023-08-08 08:44:17.740299+00
59	user_messages	0001_initial	2023-08-08 08:44:17.805338+00
60	profiles	0026_alter_userprofile_max_health_for_level_and_more	2023-08-08 08:47:42.531416+00
61	profiles	0027_alter_userprofile_max_xp_for_level	2023-08-08 09:10:44.385319+00
62	profiles	0028_alter_userprofile_health_and_more	2023-08-08 10:28:22.846929+00
63	profiles	0029_alter_userprofile_health	2023-08-08 11:25:17.832675+00
64	profiles	0030_userprofile_is_hiding	2023-08-09 07:55:50.729491+00
65	common	0016_alter_userhiding_user	2023-08-09 09:34:12.980181+00
66	profiles	0031_userprofile_defence_bonus_userprofile_power_bonus_and_more	2023-08-11 06:54:47.058273+00
67	common	0017_attack	2023-08-11 08:04:55.078788+00
\.


--
-- Data for Name: django_session; Type: TABLE DATA; Schema: public; Owner: postgres-user
--

COPY public.django_session (session_key, session_data, expire_date) FROM stdin;
illqwfakrsrbw6l9dclr4xjc2958yixz	.eJxVjEEOwiAQRe_C2pAyzoC4dO8ZGpgBqRpISrsy3l2bdKHb_977LzWGdSnj2tM8TqLOCtXhd4uBH6luQO6h3prmVpd5inpT9E67vjZJz8vu_h2U0Mu3BgOeY0bjBClyHoz1FBGdZxQ4Ahlga8EMbIXAZAh8okxChD44l9X7A8WjNxE:1qTIg1:iBqRnYbh6o8N38rVM_EGAyPnmilHhp7A-lCRHBipjbc	2023-08-22 09:06:53.725207+00
8lc16gcged0c0y9o86rnivg9fzuesa1n	.eJxVjMEOwiAQRP-FsyG0QFk8eu83kF1YpGpKUtqT8d9tkx70OPPezFsE3NYStsZLmJK4Ci8uvx1hfPJ8gPTA-V5lrPO6TCQPRZ60ybEmft1O9--gYCv7mnIkh9z3ORnbRcjkrAHAgdFmD14pbYzeo8fOEgyJXQ9IoI2yDCqLzxcDQTga:1qToTP:MMylSspaK9SxyOJ859UEfQjdYGb_GZT6A3ufA8X7ABo	2023-08-23 19:03:59.748093+00
rupkvsjs1kze95wbx5ft9398jfto20ch	.eJxVjDsOwjAQRO_iGlmOP5uYkj5niNa7GxxAtpRPhbg7iZQCypn3Zt5qwG3Nw7bIPEysrqpVl98uIT2lHIAfWO5VUy3rPCV9KPqki-4ry-t2un8HGZe8r21K0HSWWxGOTRyD-ABiGMARBWx5Dxh944xHkwKMYjsX0dkIEA2R-nwB6lw3rg:1qU1Xd:vrninLZs8noPAdBNTEQUZPkQ0Ohz_bKMQEoS7mKYDqg	2023-08-24 09:01:13.045523+00
\.


--
-- Data for Name: profiles_customuser; Type: TABLE DATA; Schema: public; Owner: postgres-user
--

COPY public.profiles_customuser (id, password, last_login, username, email, hero_type, is_active, is_staff, is_superuser) FROM stdin;
9	pbkdf2_sha256$600000$EaL7M7jTVIhI1FYRIV2YKE$woDF3Z1bCwViINkeZoa2T1uAvERYbjusyExozLRE4/Q=	2023-08-09 19:03:59.74424+00	test_user	test_user@mail.com	Werewolf	t	f	f
7	pbkdf2_sha256$600000$zoq6QRdVcGFZU6ONrpdK2t$M2/wv2JU5iwonJjxq545g9fd1WwEm5qMOcCsF2rlipw=	2023-08-10 09:01:13.039587+00	mitko	mitko@mail.com	Vampire	t	t	t
\.


--
-- Data for Name: profiles_customuser_groups; Type: TABLE DATA; Schema: public; Owner: postgres-user
--

COPY public.profiles_customuser_groups (id, customuser_id, group_id) FROM stdin;
\.


--
-- Data for Name: profiles_customuser_user_permissions; Type: TABLE DATA; Schema: public; Owner: postgres-user
--

COPY public.profiles_customuser_user_permissions (id, customuser_id, permission_id) FROM stdin;
\.


--
-- Data for Name: profiles_userprofile; Type: TABLE DATA; Schema: public; Owner: postgres-user
--

COPY public.profiles_userprofile (id, health, xp, level, gold, user_id, gender, defence, power, speed, losses, wins, boots_id, shield_id, sword_id, hourly_wage, is_working, total_defence, total_power, total_speed, max_health_for_level, max_xp_for_level, is_healing, defence_potion_id, health_potion_id, power_potion_id, speed_potion_id, is_hiding, defence_bonus, power_bonus, speed_bonus) FROM stdin;
7	1000	1745	4	9610	7	Male	15	15	15	0	128	1	1	1	40	f	35	35	35	1000	3906	f	\N	3	1	\N	f	0	0	0
9	181.72222222222203	0	1	38	9	Male	15	20	12	112	0	\N	\N	\N	10	f	17	22	12	250	250	t	\N	\N	\N	\N	f	2	2	0
\.


--
-- Data for Name: user_messages_custommessage; Type: TABLE DATA; Schema: public; Owner: postgres-user
--

COPY public.user_messages_custommessage (id, content, "timestamp", read, recipient_id, sender_id) FROM stdin;
30	test again!	2023-08-14 10:30:59.881034+00	t	7	9
10	This is new test@	2023-08-13 16:41:02.785762+00	t	7	9
6	How are you?#	2023-08-13 11:33:25.29519+00	t	7	9
4	Hello!@	2023-08-13 11:29:48.193286+00	t	7	9
27	Neeeeeeew	2023-08-14 09:02:34.543223+00	t	9	7
26	new test message@	2023-08-14 08:52:20.933559+00	t	9	7
7	How are you???	2023-08-13 14:25:55.765655+00	t	9	7
5	Hello!!!@	2023-08-13 11:30:30.976914+00	t	9	7
\.


--
-- Name: auth_group_id_seq; Type: SEQUENCE SET; Schema: public; Owner: postgres-user
--

SELECT pg_catalog.setval('public.auth_group_id_seq', 1, false);


--
-- Name: auth_group_permissions_id_seq; Type: SEQUENCE SET; Schema: public; Owner: postgres-user
--

SELECT pg_catalog.setval('public.auth_group_permissions_id_seq', 1, false);


--
-- Name: auth_permission_id_seq; Type: SEQUENCE SET; Schema: public; Owner: postgres-user
--

SELECT pg_catalog.setval('public.auth_permission_id_seq', 72, true);


--
-- Name: common_attack_id_seq; Type: SEQUENCE SET; Schema: public; Owner: postgres-user
--

SELECT pg_catalog.setval('public.common_attack_id_seq', 2, true);


--
-- Name: common_boots_id_seq; Type: SEQUENCE SET; Schema: public; Owner: postgres-user
--

SELECT pg_catalog.setval('public.common_boots_id_seq', 4, true);


--
-- Name: common_defencepotion_id_seq; Type: SEQUENCE SET; Schema: public; Owner: postgres-user
--

SELECT pg_catalog.setval('public.common_defencepotion_id_seq', 4, true);


--
-- Name: common_healthpotion_id_seq; Type: SEQUENCE SET; Schema: public; Owner: postgres-user
--

SELECT pg_catalog.setval('public.common_healthpotion_id_seq', 5, true);


--
-- Name: common_powerpotion_id_seq; Type: SEQUENCE SET; Schema: public; Owner: postgres-user
--

SELECT pg_catalog.setval('public.common_powerpotion_id_seq', 4, true);


--
-- Name: common_shield_id_seq; Type: SEQUENCE SET; Schema: public; Owner: postgres-user
--

SELECT pg_catalog.setval('public.common_shield_id_seq', 4, true);


--
-- Name: common_speedpotion_id_seq; Type: SEQUENCE SET; Schema: public; Owner: postgres-user
--

SELECT pg_catalog.setval('public.common_speedpotion_id_seq', 4, true);


--
-- Name: common_sword_id_seq; Type: SEQUENCE SET; Schema: public; Owner: postgres-user
--

SELECT pg_catalog.setval('public.common_sword_id_seq', 4, true);


--
-- Name: common_userhiding_id_seq; Type: SEQUENCE SET; Schema: public; Owner: postgres-user
--

SELECT pg_catalog.setval('public.common_userhiding_id_seq', 7, true);


--
-- Name: common_work_id_seq; Type: SEQUENCE SET; Schema: public; Owner: postgres-user
--

SELECT pg_catalog.setval('public.common_work_id_seq', 1, true);


--
-- Name: django_admin_log_id_seq; Type: SEQUENCE SET; Schema: public; Owner: postgres-user
--

SELECT pg_catalog.setval('public.django_admin_log_id_seq', 50, true);


--
-- Name: django_content_type_id_seq; Type: SEQUENCE SET; Schema: public; Owner: postgres-user
--

SELECT pg_catalog.setval('public.django_content_type_id_seq', 18, true);


--
-- Name: django_migrations_id_seq; Type: SEQUENCE SET; Schema: public; Owner: postgres-user
--

SELECT pg_catalog.setval('public.django_migrations_id_seq', 67, true);


--
-- Name: profiles_customuser_groups_id_seq; Type: SEQUENCE SET; Schema: public; Owner: postgres-user
--

SELECT pg_catalog.setval('public.profiles_customuser_groups_id_seq', 1, false);


--
-- Name: profiles_customuser_id_seq; Type: SEQUENCE SET; Schema: public; Owner: postgres-user
--

SELECT pg_catalog.setval('public.profiles_customuser_id_seq', 9, true);


--
-- Name: profiles_customuser_user_permissions_id_seq; Type: SEQUENCE SET; Schema: public; Owner: postgres-user
--

SELECT pg_catalog.setval('public.profiles_customuser_user_permissions_id_seq', 1, false);


--
-- Name: profiles_userprofile_id_seq; Type: SEQUENCE SET; Schema: public; Owner: postgres-user
--

SELECT pg_catalog.setval('public.profiles_userprofile_id_seq', 9, true);


--
-- Name: user_messages_custommessage_id_seq; Type: SEQUENCE SET; Schema: public; Owner: postgres-user
--

SELECT pg_catalog.setval('public.user_messages_custommessage_id_seq', 30, true);


--
-- Name: auth_group auth_group_name_key; Type: CONSTRAINT; Schema: public; Owner: postgres-user
--

ALTER TABLE ONLY public.auth_group
    ADD CONSTRAINT auth_group_name_key UNIQUE (name);


--
-- Name: auth_group_permissions auth_group_permissions_group_id_permission_id_0cd325b0_uniq; Type: CONSTRAINT; Schema: public; Owner: postgres-user
--

ALTER TABLE ONLY public.auth_group_permissions
    ADD CONSTRAINT auth_group_permissions_group_id_permission_id_0cd325b0_uniq UNIQUE (group_id, permission_id);


--
-- Name: auth_group_permissions auth_group_permissions_pkey; Type: CONSTRAINT; Schema: public; Owner: postgres-user
--

ALTER TABLE ONLY public.auth_group_permissions
    ADD CONSTRAINT auth_group_permissions_pkey PRIMARY KEY (id);


--
-- Name: auth_group auth_group_pkey; Type: CONSTRAINT; Schema: public; Owner: postgres-user
--

ALTER TABLE ONLY public.auth_group
    ADD CONSTRAINT auth_group_pkey PRIMARY KEY (id);


--
-- Name: auth_permission auth_permission_content_type_id_codename_01ab375a_uniq; Type: CONSTRAINT; Schema: public; Owner: postgres-user
--

ALTER TABLE ONLY public.auth_permission
    ADD CONSTRAINT auth_permission_content_type_id_codename_01ab375a_uniq UNIQUE (content_type_id, codename);


--
-- Name: auth_permission auth_permission_pkey; Type: CONSTRAINT; Schema: public; Owner: postgres-user
--

ALTER TABLE ONLY public.auth_permission
    ADD CONSTRAINT auth_permission_pkey PRIMARY KEY (id);


--
-- Name: common_attack common_attack_attacker_id_attacked_id_327cdb37_uniq; Type: CONSTRAINT; Schema: public; Owner: postgres-user
--

ALTER TABLE ONLY public.common_attack
    ADD CONSTRAINT common_attack_attacker_id_attacked_id_327cdb37_uniq UNIQUE (attacker_id, attacked_id);


--
-- Name: common_attack common_attack_pkey; Type: CONSTRAINT; Schema: public; Owner: postgres-user
--

ALTER TABLE ONLY public.common_attack
    ADD CONSTRAINT common_attack_pkey PRIMARY KEY (id);


--
-- Name: common_boots common_boots_pkey; Type: CONSTRAINT; Schema: public; Owner: postgres-user
--

ALTER TABLE ONLY public.common_boots
    ADD CONSTRAINT common_boots_pkey PRIMARY KEY (id);


--
-- Name: common_defencepotion common_defencepotion_pkey; Type: CONSTRAINT; Schema: public; Owner: postgres-user
--

ALTER TABLE ONLY public.common_defencepotion
    ADD CONSTRAINT common_defencepotion_pkey PRIMARY KEY (id);


--
-- Name: common_healthpotion common_healthpotion_pkey; Type: CONSTRAINT; Schema: public; Owner: postgres-user
--

ALTER TABLE ONLY public.common_healthpotion
    ADD CONSTRAINT common_healthpotion_pkey PRIMARY KEY (id);


--
-- Name: common_powerpotion common_powerpotion_pkey; Type: CONSTRAINT; Schema: public; Owner: postgres-user
--

ALTER TABLE ONLY public.common_powerpotion
    ADD CONSTRAINT common_powerpotion_pkey PRIMARY KEY (id);


--
-- Name: common_shield common_shield_pkey; Type: CONSTRAINT; Schema: public; Owner: postgres-user
--

ALTER TABLE ONLY public.common_shield
    ADD CONSTRAINT common_shield_pkey PRIMARY KEY (id);


--
-- Name: common_speedpotion common_speedpotion_pkey; Type: CONSTRAINT; Schema: public; Owner: postgres-user
--

ALTER TABLE ONLY public.common_speedpotion
    ADD CONSTRAINT common_speedpotion_pkey PRIMARY KEY (id);


--
-- Name: common_sword common_sword_pkey; Type: CONSTRAINT; Schema: public; Owner: postgres-user
--

ALTER TABLE ONLY public.common_sword
    ADD CONSTRAINT common_sword_pkey PRIMARY KEY (id);


--
-- Name: common_userhiding common_userhiding_pkey; Type: CONSTRAINT; Schema: public; Owner: postgres-user
--

ALTER TABLE ONLY public.common_userhiding
    ADD CONSTRAINT common_userhiding_pkey PRIMARY KEY (id);


--
-- Name: common_work common_work_pkey; Type: CONSTRAINT; Schema: public; Owner: postgres-user
--

ALTER TABLE ONLY public.common_work
    ADD CONSTRAINT common_work_pkey PRIMARY KEY (id);


--
-- Name: django_admin_log django_admin_log_pkey; Type: CONSTRAINT; Schema: public; Owner: postgres-user
--

ALTER TABLE ONLY public.django_admin_log
    ADD CONSTRAINT django_admin_log_pkey PRIMARY KEY (id);


--
-- Name: django_content_type django_content_type_app_label_model_76bd3d3b_uniq; Type: CONSTRAINT; Schema: public; Owner: postgres-user
--

ALTER TABLE ONLY public.django_content_type
    ADD CONSTRAINT django_content_type_app_label_model_76bd3d3b_uniq UNIQUE (app_label, model);


--
-- Name: django_content_type django_content_type_pkey; Type: CONSTRAINT; Schema: public; Owner: postgres-user
--

ALTER TABLE ONLY public.django_content_type
    ADD CONSTRAINT django_content_type_pkey PRIMARY KEY (id);


--
-- Name: django_migrations django_migrations_pkey; Type: CONSTRAINT; Schema: public; Owner: postgres-user
--

ALTER TABLE ONLY public.django_migrations
    ADD CONSTRAINT django_migrations_pkey PRIMARY KEY (id);


--
-- Name: django_session django_session_pkey; Type: CONSTRAINT; Schema: public; Owner: postgres-user
--

ALTER TABLE ONLY public.django_session
    ADD CONSTRAINT django_session_pkey PRIMARY KEY (session_key);


--
-- Name: profiles_customuser profiles_customuser_email_key; Type: CONSTRAINT; Schema: public; Owner: postgres-user
--

ALTER TABLE ONLY public.profiles_customuser
    ADD CONSTRAINT profiles_customuser_email_key UNIQUE (email);


--
-- Name: profiles_customuser_groups profiles_customuser_groups_customuser_id_group_id_220744dc_uniq; Type: CONSTRAINT; Schema: public; Owner: postgres-user
--

ALTER TABLE ONLY public.profiles_customuser_groups
    ADD CONSTRAINT profiles_customuser_groups_customuser_id_group_id_220744dc_uniq UNIQUE (customuser_id, group_id);


--
-- Name: profiles_customuser_groups profiles_customuser_groups_pkey; Type: CONSTRAINT; Schema: public; Owner: postgres-user
--

ALTER TABLE ONLY public.profiles_customuser_groups
    ADD CONSTRAINT profiles_customuser_groups_pkey PRIMARY KEY (id);


--
-- Name: profiles_customuser profiles_customuser_pkey; Type: CONSTRAINT; Schema: public; Owner: postgres-user
--

ALTER TABLE ONLY public.profiles_customuser
    ADD CONSTRAINT profiles_customuser_pkey PRIMARY KEY (id);


--
-- Name: profiles_customuser_user_permissions profiles_customuser_user_customuser_id_permission_8b97c241_uniq; Type: CONSTRAINT; Schema: public; Owner: postgres-user
--

ALTER TABLE ONLY public.profiles_customuser_user_permissions
    ADD CONSTRAINT profiles_customuser_user_customuser_id_permission_8b97c241_uniq UNIQUE (customuser_id, permission_id);


--
-- Name: profiles_customuser_user_permissions profiles_customuser_user_permissions_pkey; Type: CONSTRAINT; Schema: public; Owner: postgres-user
--

ALTER TABLE ONLY public.profiles_customuser_user_permissions
    ADD CONSTRAINT profiles_customuser_user_permissions_pkey PRIMARY KEY (id);


--
-- Name: profiles_customuser profiles_customuser_username_key; Type: CONSTRAINT; Schema: public; Owner: postgres-user
--

ALTER TABLE ONLY public.profiles_customuser
    ADD CONSTRAINT profiles_customuser_username_key UNIQUE (username);


--
-- Name: profiles_userprofile profiles_userprofile_pkey; Type: CONSTRAINT; Schema: public; Owner: postgres-user
--

ALTER TABLE ONLY public.profiles_userprofile
    ADD CONSTRAINT profiles_userprofile_pkey PRIMARY KEY (id);


--
-- Name: profiles_userprofile profiles_userprofile_user_id_key; Type: CONSTRAINT; Schema: public; Owner: postgres-user
--

ALTER TABLE ONLY public.profiles_userprofile
    ADD CONSTRAINT profiles_userprofile_user_id_key UNIQUE (user_id);


--
-- Name: user_messages_custommessage user_messages_custommessage_pkey; Type: CONSTRAINT; Schema: public; Owner: postgres-user
--

ALTER TABLE ONLY public.user_messages_custommessage
    ADD CONSTRAINT user_messages_custommessage_pkey PRIMARY KEY (id);


--
-- Name: auth_group_name_a6ea08ec_like; Type: INDEX; Schema: public; Owner: postgres-user
--

CREATE INDEX auth_group_name_a6ea08ec_like ON public.auth_group USING btree (name varchar_pattern_ops);


--
-- Name: auth_group_permissions_group_id_b120cbf9; Type: INDEX; Schema: public; Owner: postgres-user
--

CREATE INDEX auth_group_permissions_group_id_b120cbf9 ON public.auth_group_permissions USING btree (group_id);


--
-- Name: auth_group_permissions_permission_id_84c5c92e; Type: INDEX; Schema: public; Owner: postgres-user
--

CREATE INDEX auth_group_permissions_permission_id_84c5c92e ON public.auth_group_permissions USING btree (permission_id);


--
-- Name: auth_permission_content_type_id_2f476e4b; Type: INDEX; Schema: public; Owner: postgres-user
--

CREATE INDEX auth_permission_content_type_id_2f476e4b ON public.auth_permission USING btree (content_type_id);


--
-- Name: common_attack_attacked_id_b3ff473b; Type: INDEX; Schema: public; Owner: postgres-user
--

CREATE INDEX common_attack_attacked_id_b3ff473b ON public.common_attack USING btree (attacked_id);


--
-- Name: common_attack_attacker_id_d1e0c4c8; Type: INDEX; Schema: public; Owner: postgres-user
--

CREATE INDEX common_attack_attacker_id_d1e0c4c8 ON public.common_attack USING btree (attacker_id);


--
-- Name: common_userhiding_user_id_39fef3a6; Type: INDEX; Schema: public; Owner: postgres-user
--

CREATE INDEX common_userhiding_user_id_39fef3a6 ON public.common_userhiding USING btree (user_id);


--
-- Name: common_work_user_id_4e121b58; Type: INDEX; Schema: public; Owner: postgres-user
--

CREATE INDEX common_work_user_id_4e121b58 ON public.common_work USING btree (user_id);


--
-- Name: django_admin_log_content_type_id_c4bce8eb; Type: INDEX; Schema: public; Owner: postgres-user
--

CREATE INDEX django_admin_log_content_type_id_c4bce8eb ON public.django_admin_log USING btree (content_type_id);


--
-- Name: django_admin_log_user_id_c564eba6; Type: INDEX; Schema: public; Owner: postgres-user
--

CREATE INDEX django_admin_log_user_id_c564eba6 ON public.django_admin_log USING btree (user_id);


--
-- Name: django_session_expire_date_a5c62663; Type: INDEX; Schema: public; Owner: postgres-user
--

CREATE INDEX django_session_expire_date_a5c62663 ON public.django_session USING btree (expire_date);


--
-- Name: django_session_session_key_c0390e0f_like; Type: INDEX; Schema: public; Owner: postgres-user
--

CREATE INDEX django_session_session_key_c0390e0f_like ON public.django_session USING btree (session_key varchar_pattern_ops);


--
-- Name: profiles_customuser_email_5086907d_like; Type: INDEX; Schema: public; Owner: postgres-user
--

CREATE INDEX profiles_customuser_email_5086907d_like ON public.profiles_customuser USING btree (email varchar_pattern_ops);


--
-- Name: profiles_customuser_groups_customuser_id_2d6c62c5; Type: INDEX; Schema: public; Owner: postgres-user
--

CREATE INDEX profiles_customuser_groups_customuser_id_2d6c62c5 ON public.profiles_customuser_groups USING btree (customuser_id);


--
-- Name: profiles_customuser_groups_group_id_cc13aa3b; Type: INDEX; Schema: public; Owner: postgres-user
--

CREATE INDEX profiles_customuser_groups_group_id_cc13aa3b ON public.profiles_customuser_groups USING btree (group_id);


--
-- Name: profiles_customuser_user_permissions_customuser_id_190c9e96; Type: INDEX; Schema: public; Owner: postgres-user
--

CREATE INDEX profiles_customuser_user_permissions_customuser_id_190c9e96 ON public.profiles_customuser_user_permissions USING btree (customuser_id);


--
-- Name: profiles_customuser_user_permissions_permission_id_f7140861; Type: INDEX; Schema: public; Owner: postgres-user
--

CREATE INDEX profiles_customuser_user_permissions_permission_id_f7140861 ON public.profiles_customuser_user_permissions USING btree (permission_id);


--
-- Name: profiles_customuser_username_955d4cf1_like; Type: INDEX; Schema: public; Owner: postgres-user
--

CREATE INDEX profiles_customuser_username_955d4cf1_like ON public.profiles_customuser USING btree (username varchar_pattern_ops);


--
-- Name: profiles_userprofile_boots_id_e61578eb; Type: INDEX; Schema: public; Owner: postgres-user
--

CREATE INDEX profiles_userprofile_boots_id_e61578eb ON public.profiles_userprofile USING btree (boots_id);


--
-- Name: profiles_userprofile_defence_potion_id_1a52c727; Type: INDEX; Schema: public; Owner: postgres-user
--

CREATE INDEX profiles_userprofile_defence_potion_id_1a52c727 ON public.profiles_userprofile USING btree (defence_potion_id);


--
-- Name: profiles_userprofile_health_potion_id_00924965; Type: INDEX; Schema: public; Owner: postgres-user
--

CREATE INDEX profiles_userprofile_health_potion_id_00924965 ON public.profiles_userprofile USING btree (health_potion_id);


--
-- Name: profiles_userprofile_power_potion_id_2636b092; Type: INDEX; Schema: public; Owner: postgres-user
--

CREATE INDEX profiles_userprofile_power_potion_id_2636b092 ON public.profiles_userprofile USING btree (power_potion_id);


--
-- Name: profiles_userprofile_shield_id_cf3817dd; Type: INDEX; Schema: public; Owner: postgres-user
--

CREATE INDEX profiles_userprofile_shield_id_cf3817dd ON public.profiles_userprofile USING btree (shield_id);


--
-- Name: profiles_userprofile_speed_potion_id_0f6ff282; Type: INDEX; Schema: public; Owner: postgres-user
--

CREATE INDEX profiles_userprofile_speed_potion_id_0f6ff282 ON public.profiles_userprofile USING btree (speed_potion_id);


--
-- Name: profiles_userprofile_sword_id_1d14858f; Type: INDEX; Schema: public; Owner: postgres-user
--

CREATE INDEX profiles_userprofile_sword_id_1d14858f ON public.profiles_userprofile USING btree (sword_id);


--
-- Name: user_messages_custommessage_recipient_id_5df37f6b; Type: INDEX; Schema: public; Owner: postgres-user
--

CREATE INDEX user_messages_custommessage_recipient_id_5df37f6b ON public.user_messages_custommessage USING btree (recipient_id);


--
-- Name: user_messages_custommessage_sender_id_86534dc7; Type: INDEX; Schema: public; Owner: postgres-user
--

CREATE INDEX user_messages_custommessage_sender_id_86534dc7 ON public.user_messages_custommessage USING btree (sender_id);


--
-- Name: auth_group_permissions auth_group_permissio_permission_id_84c5c92e_fk_auth_perm; Type: FK CONSTRAINT; Schema: public; Owner: postgres-user
--

ALTER TABLE ONLY public.auth_group_permissions
    ADD CONSTRAINT auth_group_permissio_permission_id_84c5c92e_fk_auth_perm FOREIGN KEY (permission_id) REFERENCES public.auth_permission(id) DEFERRABLE INITIALLY DEFERRED;


--
-- Name: auth_group_permissions auth_group_permissions_group_id_b120cbf9_fk_auth_group_id; Type: FK CONSTRAINT; Schema: public; Owner: postgres-user
--

ALTER TABLE ONLY public.auth_group_permissions
    ADD CONSTRAINT auth_group_permissions_group_id_b120cbf9_fk_auth_group_id FOREIGN KEY (group_id) REFERENCES public.auth_group(id) DEFERRABLE INITIALLY DEFERRED;


--
-- Name: auth_permission auth_permission_content_type_id_2f476e4b_fk_django_co; Type: FK CONSTRAINT; Schema: public; Owner: postgres-user
--

ALTER TABLE ONLY public.auth_permission
    ADD CONSTRAINT auth_permission_content_type_id_2f476e4b_fk_django_co FOREIGN KEY (content_type_id) REFERENCES public.django_content_type(id) DEFERRABLE INITIALLY DEFERRED;


--
-- Name: common_attack common_attack_attacked_id_b3ff473b_fk_profiles_customuser_id; Type: FK CONSTRAINT; Schema: public; Owner: postgres-user
--

ALTER TABLE ONLY public.common_attack
    ADD CONSTRAINT common_attack_attacked_id_b3ff473b_fk_profiles_customuser_id FOREIGN KEY (attacked_id) REFERENCES public.profiles_customuser(id) DEFERRABLE INITIALLY DEFERRED;


--
-- Name: common_attack common_attack_attacker_id_d1e0c4c8_fk_profiles_customuser_id; Type: FK CONSTRAINT; Schema: public; Owner: postgres-user
--

ALTER TABLE ONLY public.common_attack
    ADD CONSTRAINT common_attack_attacker_id_d1e0c4c8_fk_profiles_customuser_id FOREIGN KEY (attacker_id) REFERENCES public.profiles_customuser(id) DEFERRABLE INITIALLY DEFERRED;


--
-- Name: common_userhiding common_userhiding_user_id_39fef3a6_fk_profiles_customuser_id; Type: FK CONSTRAINT; Schema: public; Owner: postgres-user
--

ALTER TABLE ONLY public.common_userhiding
    ADD CONSTRAINT common_userhiding_user_id_39fef3a6_fk_profiles_customuser_id FOREIGN KEY (user_id) REFERENCES public.profiles_customuser(id) DEFERRABLE INITIALLY DEFERRED;


--
-- Name: common_work common_work_user_id_4e121b58_fk_profiles_customuser_id; Type: FK CONSTRAINT; Schema: public; Owner: postgres-user
--

ALTER TABLE ONLY public.common_work
    ADD CONSTRAINT common_work_user_id_4e121b58_fk_profiles_customuser_id FOREIGN KEY (user_id) REFERENCES public.profiles_customuser(id) DEFERRABLE INITIALLY DEFERRED;


--
-- Name: django_admin_log django_admin_log_content_type_id_c4bce8eb_fk_django_co; Type: FK CONSTRAINT; Schema: public; Owner: postgres-user
--

ALTER TABLE ONLY public.django_admin_log
    ADD CONSTRAINT django_admin_log_content_type_id_c4bce8eb_fk_django_co FOREIGN KEY (content_type_id) REFERENCES public.django_content_type(id) DEFERRABLE INITIALLY DEFERRED;


--
-- Name: django_admin_log django_admin_log_user_id_c564eba6_fk_profiles_customuser_id; Type: FK CONSTRAINT; Schema: public; Owner: postgres-user
--

ALTER TABLE ONLY public.django_admin_log
    ADD CONSTRAINT django_admin_log_user_id_c564eba6_fk_profiles_customuser_id FOREIGN KEY (user_id) REFERENCES public.profiles_customuser(id) DEFERRABLE INITIALLY DEFERRED;


--
-- Name: profiles_customuser_user_permissions profiles_customuser__customuser_id_190c9e96_fk_profiles_; Type: FK CONSTRAINT; Schema: public; Owner: postgres-user
--

ALTER TABLE ONLY public.profiles_customuser_user_permissions
    ADD CONSTRAINT profiles_customuser__customuser_id_190c9e96_fk_profiles_ FOREIGN KEY (customuser_id) REFERENCES public.profiles_customuser(id) DEFERRABLE INITIALLY DEFERRED;


--
-- Name: profiles_customuser_groups profiles_customuser__customuser_id_2d6c62c5_fk_profiles_; Type: FK CONSTRAINT; Schema: public; Owner: postgres-user
--

ALTER TABLE ONLY public.profiles_customuser_groups
    ADD CONSTRAINT profiles_customuser__customuser_id_2d6c62c5_fk_profiles_ FOREIGN KEY (customuser_id) REFERENCES public.profiles_customuser(id) DEFERRABLE INITIALLY DEFERRED;


--
-- Name: profiles_customuser_user_permissions profiles_customuser__permission_id_f7140861_fk_auth_perm; Type: FK CONSTRAINT; Schema: public; Owner: postgres-user
--

ALTER TABLE ONLY public.profiles_customuser_user_permissions
    ADD CONSTRAINT profiles_customuser__permission_id_f7140861_fk_auth_perm FOREIGN KEY (permission_id) REFERENCES public.auth_permission(id) DEFERRABLE INITIALLY DEFERRED;


--
-- Name: profiles_customuser_groups profiles_customuser_groups_group_id_cc13aa3b_fk_auth_group_id; Type: FK CONSTRAINT; Schema: public; Owner: postgres-user
--

ALTER TABLE ONLY public.profiles_customuser_groups
    ADD CONSTRAINT profiles_customuser_groups_group_id_cc13aa3b_fk_auth_group_id FOREIGN KEY (group_id) REFERENCES public.auth_group(id) DEFERRABLE INITIALLY DEFERRED;


--
-- Name: profiles_userprofile profiles_userprofile_boots_id_e61578eb_fk_common_boots_id; Type: FK CONSTRAINT; Schema: public; Owner: postgres-user
--

ALTER TABLE ONLY public.profiles_userprofile
    ADD CONSTRAINT profiles_userprofile_boots_id_e61578eb_fk_common_boots_id FOREIGN KEY (boots_id) REFERENCES public.common_boots(id) DEFERRABLE INITIALLY DEFERRED;


--
-- Name: profiles_userprofile profiles_userprofile_defence_potion_id_1a52c727_fk_common_de; Type: FK CONSTRAINT; Schema: public; Owner: postgres-user
--

ALTER TABLE ONLY public.profiles_userprofile
    ADD CONSTRAINT profiles_userprofile_defence_potion_id_1a52c727_fk_common_de FOREIGN KEY (defence_potion_id) REFERENCES public.common_defencepotion(id) DEFERRABLE INITIALLY DEFERRED;


--
-- Name: profiles_userprofile profiles_userprofile_health_potion_id_00924965_fk_common_he; Type: FK CONSTRAINT; Schema: public; Owner: postgres-user
--

ALTER TABLE ONLY public.profiles_userprofile
    ADD CONSTRAINT profiles_userprofile_health_potion_id_00924965_fk_common_he FOREIGN KEY (health_potion_id) REFERENCES public.common_healthpotion(id) DEFERRABLE INITIALLY DEFERRED;


--
-- Name: profiles_userprofile profiles_userprofile_power_potion_id_2636b092_fk_common_po; Type: FK CONSTRAINT; Schema: public; Owner: postgres-user
--

ALTER TABLE ONLY public.profiles_userprofile
    ADD CONSTRAINT profiles_userprofile_power_potion_id_2636b092_fk_common_po FOREIGN KEY (power_potion_id) REFERENCES public.common_powerpotion(id) DEFERRABLE INITIALLY DEFERRED;


--
-- Name: profiles_userprofile profiles_userprofile_shield_id_cf3817dd_fk_common_shield_id; Type: FK CONSTRAINT; Schema: public; Owner: postgres-user
--

ALTER TABLE ONLY public.profiles_userprofile
    ADD CONSTRAINT profiles_userprofile_shield_id_cf3817dd_fk_common_shield_id FOREIGN KEY (shield_id) REFERENCES public.common_shield(id) DEFERRABLE INITIALLY DEFERRED;


--
-- Name: profiles_userprofile profiles_userprofile_speed_potion_id_0f6ff282_fk_common_sp; Type: FK CONSTRAINT; Schema: public; Owner: postgres-user
--

ALTER TABLE ONLY public.profiles_userprofile
    ADD CONSTRAINT profiles_userprofile_speed_potion_id_0f6ff282_fk_common_sp FOREIGN KEY (speed_potion_id) REFERENCES public.common_speedpotion(id) DEFERRABLE INITIALLY DEFERRED;


--
-- Name: profiles_userprofile profiles_userprofile_sword_id_1d14858f_fk_common_sword_id; Type: FK CONSTRAINT; Schema: public; Owner: postgres-user
--

ALTER TABLE ONLY public.profiles_userprofile
    ADD CONSTRAINT profiles_userprofile_sword_id_1d14858f_fk_common_sword_id FOREIGN KEY (sword_id) REFERENCES public.common_sword(id) DEFERRABLE INITIALLY DEFERRED;


--
-- Name: profiles_userprofile profiles_userprofile_user_id_616bed88_fk_profiles_customuser_id; Type: FK CONSTRAINT; Schema: public; Owner: postgres-user
--

ALTER TABLE ONLY public.profiles_userprofile
    ADD CONSTRAINT profiles_userprofile_user_id_616bed88_fk_profiles_customuser_id FOREIGN KEY (user_id) REFERENCES public.profiles_customuser(id) DEFERRABLE INITIALLY DEFERRED;


--
-- Name: user_messages_custommessage user_messages_custom_recipient_id_5df37f6b_fk_profiles_; Type: FK CONSTRAINT; Schema: public; Owner: postgres-user
--

ALTER TABLE ONLY public.user_messages_custommessage
    ADD CONSTRAINT user_messages_custom_recipient_id_5df37f6b_fk_profiles_ FOREIGN KEY (recipient_id) REFERENCES public.profiles_customuser(id) DEFERRABLE INITIALLY DEFERRED;


--
-- Name: user_messages_custommessage user_messages_custom_sender_id_86534dc7_fk_profiles_; Type: FK CONSTRAINT; Schema: public; Owner: postgres-user
--

ALTER TABLE ONLY public.user_messages_custommessage
    ADD CONSTRAINT user_messages_custom_sender_id_86534dc7_fk_profiles_ FOREIGN KEY (sender_id) REFERENCES public.profiles_customuser(id) DEFERRABLE INITIALLY DEFERRED;


--
-- PostgreSQL database dump complete
--

